epoch,train_mse,train_regularizer,train_total_loss,val_mse
1,0.2063509408407868,0.20082038795286422,0.20637102372191027,0.07341741770505905
2,0.06609132065981116,0.3082057521056936,0.06612214106519816,0.04630271717905998
3,0.03942360244404175,0.5664096857007409,0.03948024339389007,0.0267036072909832
4,0.02272329921716698,0.7366445647686208,0.02279696367952435,0.016180600970983505
5,0.01672850527118151,0.8049205020520569,0.016808997331771672,0.013301792554557323
6,0.013273095581488821,0.8918256274761273,0.013362278156411035,0.010366183705627918
7,0.010359561953494394,0.9928761664755289,0.010458849553323298,0.008537580259144306
8,0.008149251377429929,1.0975550580010285,0.008259006872769412,0.007123212330043316
9,0.007137828590072067,1.1157413815152875,0.007249402730371409,0.005815759301185608
10,0.006020564893384649,1.12906911082032,0.006133471806527056,0.005385206546634436
11,0.005291562629061047,1.133179273387859,0.005404880549702286,0.0046047912910580635
12,0.004775883802187401,1.1104452816340564,0.0048869283265132535,0.004342902917414904
13,0.004319874311593389,1.091937626824249,0.004429068063499498,0.0038031165022403
14,0.003934758832826684,1.0820019496394213,0.004042959023082834,0.0038040303625166416
15,0.0036394206793146163,1.0639191470141367,0.003745812579639835,0.003261283040046692
16,0.0032759220767521894,1.0491077664757353,0.0033808328451553037,0.0029780659824609756
17,0.0030999642747851874,1.0539799462885235,0.003205362264638321,0.0031125713139772415
18,0.002879584545643641,1.0293655689558998,0.0029825210962613705,0.002660880796611309
19,0.0025806365551391294,1.0179021100102954,0.002682426766553512,0.0026074068155139685
20,0.0025390977341358434,0.9940039468567018,0.0026384981335126666,0.002343325410038233
21,0.0022602602325447513,0.99826557944497,0.002360086790969225,0.0022336971014738083
22,0.0022640224358801823,0.975328522498865,0.0023615552862912537,0.0021869807969778776
23,0.002054760398083826,0.9428134974764526,0.002149041748569017,0.002049971604719758
24,0.0020416785053914465,0.938211383451968,0.0021354996433526684,0.0019229477038607001
25,0.0018221813806000905,0.9181867405865436,0.0019140000502202062,0.0018573901616036892
26,0.0019901239797209813,0.8949684091879789,0.0020796208149263884,0.002332275966182351
27,0.0017719984021691904,0.8712969397844147,0.001859128091227748,0.0017140781274065375
28,0.001723451490348579,0.867921483711566,0.0018102436331302815,0.002322683110833168
29,0.0018399061217422923,0.8339317676879082,0.001923299296844589,0.0018405510345473886
30,0.0015156763765780494,0.8278666572416827,0.0015984630402202007,0.0013822423061355948
31,0.0014087474213858575,0.8239862129257618,0.0014911460397693617,0.0014339712215587497
32,0.001335550454839891,0.8148306516220062,0.0014170335190282339,0.0014394476311281323
33,0.0013929449609705407,0.7996407142551588,0.0014729090280460586,0.0014060672838240862
34,0.001454907621210958,0.7784785652045164,0.0015327554802963836,0.0012599624460563064
35,0.0012545550221381813,0.7660044931860192,0.0013311554686768745,0.001217506593093276
36,0.0013663186880672495,0.7484154661594318,0.0014411602331988896,0.0013709475751966238
37,0.0012122915923166889,0.7380631779883391,0.0012860979073009934,0.0013831413816660643
38,0.001126278836444569,0.7336518784088997,0.0011996440241408396,0.0010750031797215343
39,0.0010828495228843524,0.7186114568873924,0.0011547106682928139,0.0011071371845901012
40,0.001365161059955257,0.7075812825478169,0.0014359191852216689,0.0010854885913431644
41,0.0011512494146679157,0.6916813651512177,0.0012204175490799513,0.0011431388556957245
42,0.0010390153008660698,0.6807957273342775,0.0011070948723547619,0.0011846971465274692
43,0.0009498470561596726,0.6754968493800351,0.001017396737911619,0.0011252759722992778
44,0.0010018426195035127,0.6670534029064699,0.0010685479560120766,0.0009516072459518909
45,0.0010649580702765476,0.6545216725697791,0.0011304102386380842,0.0010130212176591158
46,0.0009322620974487121,0.645875434739799,0.0009968496356319212,0.0009414823143742979
47,0.0008722202349444767,0.6357189601172593,0.0009357921295901751,0.0009573479183018208
48,0.0008373247094388476,0.6357060066477201,0.0009008953087154013,0.0010031714336946607
49,0.0008683013013248284,0.6197949185732274,0.0009302807923925122,0.000953429494984448
50,0.0008896662071384828,0.614812848170037,0.0009511474905672787,0.0008420943631790578
51,0.0008243554287198198,0.6044748016087006,0.0008848029077795496,0.0008539519621990621
52,0.0008323786061385874,0.596155252141019,0.0008919941283425074,0.0008136387914419174
53,0.0007656954711744342,0.5876913063778767,0.0008244646006732743,0.0008829131838865578
54,0.0008381607255519685,0.5785183875207103,0.0008960125653879523,0.00077549007255584
55,0.0007656432778121552,0.5703861307486756,0.0008226818891794738,0.0008046072907745838
56,0.0007110575483515144,0.564304148722128,0.0007674879632659039,0.0007619244861416519
57,0.0007454959552558411,0.5570676489328641,0.0008012027191016992,0.0007975284243002534
58,0.0007980237097237879,0.5462270742939892,0.0008526464154977656,0.0006963039049878716
59,0.000831178335431591,0.5375920803414584,0.0008849375432678597,0.0007961184601299465
60,0.0006739478254752792,0.5352896413278628,0.0007274767898552225,0.0007661196868866682
61,0.0006641917097474816,0.5296863432580118,0.000717160341752304,0.000674134586006403
62,0.000603619430067091,0.5239019430932316,0.0006560096218796704,0.0006956904544495046
63,0.000631141902229727,0.5174557349636143,0.0006828874730299237,0.0006839442648924887
64,0.0007701406830322189,0.5072064005642919,0.0008208613197655651,0.0006647064001299441
65,0.0006143870835040257,0.5027524632149339,0.0006646623271851078,0.0006447751657105982
66,0.0006647949520424271,0.49820591724869223,0.0007146155416799144,0.0006302013644017279
67,0.0005835237066995908,0.4921202163486981,0.0006327357276974341,0.0006975068827159703
68,0.0006588170300355307,0.4873690847385784,0.0007075539375519085,0.0006195254391059279
69,0.0006019322575705725,0.4810022526672702,0.0006500324801996249,0.000712352863047272
70,0.0005819872617768547,0.4750003588245326,0.0006294872978463484,0.0006199266645126045
71,0.0005706164720322558,0.4705330146075979,0.0006176697733294215,0.0008615778060629964
72,0.000579531969910433,0.4648175803558858,0.0006260137273140597,0.0006196733447723091
73,0.00063804220190689,0.45934379877019244,0.0006839765811547652,0.0006159940967336297
74,0.0005174601483201057,0.45445245775926246,0.0005629053926191694,0.0005805087857879698
75,0.0005599633031924125,0.45164216021307785,0.0006051275184430656,0.0007271613576449454
76,0.0005294408638765199,0.44568946489869166,0.0005740098090946682,0.0006431326037272811
77,0.0005238648973575461,0.4401893642287923,0.0005678838328651023,0.0005934560904279351
78,0.0006960423284451788,0.4367458494958194,0.0007397169137207225,0.0006591470446437597
79,0.0004959125767897074,0.4320775476767485,0.0005391203292530861,0.00051484489813447
80,0.0004997627827680485,0.4280954106561351,0.0005425723220440667,0.000528852513525635
81,0.0005134738708228835,0.4247425371255692,0.0005559481241008197,0.0005541198188439012
82,0.00046157383880254696,0.4212112564795193,0.0005036949641162888,0.0005897976225242019
83,0.0004987793322577396,0.41556557826846685,0.0005403358886031552,0.0005918683018535376
84,0.0004622828352817651,0.4112366380912865,0.0005034064977156331,0.0005328601691871881
85,0.0004899808470719879,0.4065558189547026,0.0005306364274602553,0.0005566187319345772
86,0.0005285148327758086,0.40045888027918686,0.0005685607203100098,0.0005423977272585034
87,0.00046729373440449997,0.39883283162333527,0.0005071770169510949,0.000527051102835685
88,0.0004558953396646131,0.39687582628662,0.0004955829208964383,0.0004942441009916365
89,0.0004993625440391384,0.3917898597852012,0.0005385415303294371,0.0005004663835279644
90,0.00046110489367865457,0.3891428236304571,0.0005000191745907444,0.0005472418270073831
91,0.0004873522869654293,0.386012126595654,0.0005259534979885675,0.0008437937940470874
92,0.0004955070709175779,0.3802637649398038,0.0005335334462743802,0.0006125442450866103
93,0.0004303277040804491,0.3765608934985641,0.00046798379326335083,0.0005886610015295446
94,0.0004663975377201538,0.3735604900284083,0.0005037535866290165,0.0004545814881566912
95,0.0005027257521887235,0.3725941922315796,0.0005399851700019442,0.0005660861497744918
96,0.0004196153260754773,0.36949844480114197,0.0004565651696487814,0.000416223774664104
97,0.00039957262778313554,0.36785671702066414,0.00043635829909226276,0.0005330487620085478
98,0.0006015883466270193,0.3606122819390956,0.0006376495760955728,0.0005766372778452933
99,0.0003675966143871702,0.3596844516084365,0.00040356505815222613,0.0004437562602106482
100,0.00042912500766627526,0.35864007231181133,0.0004649890138524256,0.0006456648698076606
101,0.0004479634975225079,0.3524142561548293,0.00048320492324052807,0.0003979849861934781
102,0.0003644071851046916,0.35235837566022554,0.00039964302246765196,0.00040704160346649587
103,0.00043891630866813854,0.3481110965697965,0.0004737274165856854,0.0005054170032963157
104,0.0003766912537059295,0.3453586847308185,0.00041122712072983055,0.0004676080134231597
105,0.0004178086094483996,0.34340083122445886,0.0004521486916674224,0.0004148579901084304
106,0.00041109457833966845,0.340175036732051,0.00044511208202812995,0.0004101308877579868
107,0.00035062197886884787,0.3392472078359933,0.00038454669947227544,0.0005359167116694152
108,0.00040340503138855594,0.3359793134175925,0.00043700296108636303,0.0004001769993919879
109,0.0003541981919154555,0.3329821796554369,0.0003874964092639167,0.0005123469745740294
110,0.00038749385453144125,0.33009027056641105,0.00042050287970055107,0.0005289773107506335
111,0.00041703332318641494,0.3270937992929811,0.0004497427009910676,0.0005854098708368838
112,0.0004003748140708044,0.3247527414412359,0.00043285008613443084,0.00045563268940895796
113,0.0003414466200665666,0.32349979737067197,0.00037379659960792594,0.0003658201894722879
114,0.00034088109056564,0.322571549918168,0.00037313824350753935,0.0003785640001296997
115,0.00038086814327892873,0.31999761079851724,0.000412867903900657,0.0006236654589883983
116,0.0004305298641675521,0.3167237210829491,0.00046220223506767864,0.0005060789408162236
117,0.0004365186227455465,0.31432858006432124,0.00046795147900797584,0.0007245376473292708
118,0.0005001069290148081,0.309759606396755,0.0005310828909874676,0.0004271631478331983
119,0.00030876669741595607,0.31088596918941386,0.00033985529332969145,0.0003598068142309785
120,0.0002938974595961831,0.30941781951344216,0.00032483924042285957,0.0003575684386305511
121,0.00033499355411568634,0.3074369101505106,0.00036573724433832343,0.00046950450632721186
122,0.0004588163388706462,0.30402025545786177,0.0004892183629517264,0.0007131930906325579
123,0.00033699537390938423,0.30293454346069776,0.00036728882733835837,0.00039525452302768826
124,0.0003198723746388474,0.3017357345924127,0.0003500459483255163,0.00036274787271395326
125,0.000347962498716074,0.2987538127170201,0.00037783787957854065,0.0003721816756296903
126,0.0002968161631089858,0.29845740544326854,0.000326661903214031,0.00040558568434789777
127,0.0003446270359377447,0.29573997177293393,0.00037420103261336557,0.00042449613101780415
128,0.0003560564552309738,0.29348230503906997,0.000385404684326182,0.0003991764970123768
129,0.0003755325791383713,0.29247017303725664,0.0004047795957361755,0.0004632070194929838
130,0.0003381666005767626,0.29039022871079045,0.00036720562273237994,0.0003704476694110781
131,0.0005273414905310827,0.28654812912406885,0.0005559963021129247,0.0003211737785022706
132,0.0002686540470015695,0.28893295169285643,0.00029754734061391484,0.0003471998206805438
133,0.0003525598157260907,0.2867976779105324,0.00038123958333166115,0.00040233306935988367
134,0.0003013558903907348,0.28518720830846145,0.0003298746104447094,0.00039569707587361336
135,0.0004670534495116981,0.2818833143665379,0.0004952417796902456,0.00032637579715810716
136,0.0002761720821860986,0.28166200608754854,0.00030433828314657273,0.0003726088616531342
137,0.0002917505953799018,0.28010828522572484,0.00031976142312436693,0.0003536476579029113
138,0.00027275246686225065,0.27892842968585635,0.0003006453089947943,0.00048487019375897944
139,0.0004983155648708043,0.27466084507086685,0.0005257816511919622,0.0003408772754482925
140,0.00028006251956647267,0.2752681477303221,0.00030758933315859916,0.000335369462845847
141,0.0002552323703556373,0.2745875084212522,0.00028269112012377264,0.0003195141034666449
142,0.0002845404226028414,0.2725228868084166,0.00031179271165660265,0.0003908579528797418
143,0.00035314280964954785,0.2705692696605032,0.00038019973632064764,0.0006451999070122838
144,0.000322518978829427,0.2681389128262051,0.00034933287010544125,0.0003547959786374122
145,0.0002608617141303173,0.2685551418822661,0.00028771722667796985,0.0003194399469066411
146,0.00036977657964819613,0.2653667993507039,0.00039631325999081254,0.00036337447818368673
147,0.0002857278677929516,0.2652239043070257,0.0003122502574238994,0.00039841094985604286
148,0.00026933941849651647,0.2645181930144548,0.0002957912376361939,0.0003077220462728292
149,0.0003033602103937744,0.2628441608926482,0.0003296446262562307,0.00031102640787139535
150,0.00028899077195300617,0.26213183943871654,0.0003152039544085956,0.0003078227455262095
151,0.00032246987157084016,0.2594540688719687,0.0003484152777359645,0.00031366004259325564
152,0.00033585625694168114,0.25850077791290976,0.0003617063341420294,0.0003784684813581407
153,0.0002580909476982943,0.2574287044775835,0.00028383381681434066,0.0003023631579708308
154,0.00028843815775713143,0.25711165016787324,0.00031414932246821793,0.00030579761369153857
155,0.00027796285055924536,0.2549353433581582,0.0003034563838806394,0.0003261425590608269
156,0.00028501755149102763,0.25452666325718315,0.0003104702173647641,0.0004997635260224342
157,0.00034511634308678464,0.25155203224359196,0.0003702715454070042,0.0002777594199869782
158,0.0002481146628093717,0.251545935439053,0.00027326925565826016,0.0003664253745228052
159,0.00032555874791719946,0.25090810542991976,0.00035064955796495714,0.0003486298373900354
160,0.000268444657799629,0.24959646565305477,0.0002934043035959011,0.00031113208387978375
161,0.0002647703342033056,0.24894201796422932,0.0002896645341670436,0.0002813826722558588
162,0.0002497681768130141,0.24770729921203327,0.00027453890611045436,0.000294879253488034
163,0.0003522274731115676,0.2458667901195022,0.0003768141506187849,0.00030631161644123495
164,0.00024550072381855105,0.24576340351492076,0.0002700770634031966,0.00035189546179026365
165,0.00024126220370880604,0.24316900831671465,0.0002655791042614108,0.0003258479409851134
166,0.0003543689285782537,0.24286119368025802,0.0003786550466122536,0.0003038251306861639
167,0.00026493069574995274,0.24073023727539208,0.0002890037188812053,0.0002677495067473501
168,0.0002507941011587528,0.24091090927896297,0.00027488519219112114,0.00035199709236621857
169,0.0002406438581983105,0.24084078320749594,0.00026472793632411555,0.0003230182046536356
170,0.0002513231735624369,0.23951046662013056,0.0002752742201391059,0.00033991303644143045
171,0.0002291728294977033,0.2373344152545111,0.00025290627065304984,0.00028221882530488074
172,0.00024071696752049856,0.2363888882091861,0.0002643558553553456,0.0002998828131239861
173,0.0002555280675837633,0.23458191857701233,0.00027898625914039377,0.00028007334913127124
174,0.00027598258890056517,0.23480125761777915,0.00029946271381453695,0.0003131201956421137
175,0.00035206814102737346,0.23417736742799627,0.0003754858780174406,0.0003418506821617484
176,0.00020147316598269515,0.2315643388038928,0.00022462959911046489,0.00026750401593744755
177,0.0002827953370186988,0.2323045385759606,0.0003060257916926575,0.00027211749693378806
178,0.00021216207310720888,0.23186925196058214,0.00023534899770176953,0.0002670713292900473
179,0.000314529709131471,0.22908384156467695,0.00033743809215645994,0.0002762440999504179
180,0.00024508929192525544,0.22905057027121004,0.00026799434730437734,0.00031740928534418344
181,0.0002219679322797151,0.2274381371295055,0.0002447117449766012,0.00030202476773411036
182,0.0002576689358922116,0.22742915669435448,0.0002804118507326976,0.00030040444107726216
183,0.00028637965986252347,0.2268347965285227,0.000309063139510544,0.0003009309875778854
184,0.00023876308111154862,0.2254644128452276,0.00026130952154414017,0.00038057746132835746
185,0.000261961872599207,0.22366961166331795,0.0002843288329463287,0.00030991845414973795
186,0.00023636177104830133,0.2235526107108196,0.00025871703185152364,0.00029247088241390884
187,0.00022822428437412222,0.2216982492847231,0.00025039410798887487,0.00026664702454581857
188,0.0002075300120201627,0.22163503942720583,0.00022969351507564508,0.00027978120488114655
189,0.00024051618911304787,0.22123655583146362,0.0002626398442621793,0.00031940574990585446
190,0.0002310687831772621,0.2195231519077428,0.00025302109826806326,0.0002894384670071304
191,0.00025965429028915757,0.21837958547518063,0.0002814922481705975,0.00030200023320503533
192,0.000274807801283614,0.2170484927118005,0.00029651264988560716,0.0002994854876305908
193,0.00020652455612831476,0.21726670551504546,0.00022825122574921303,0.0002503893047105521
194,0.00021428223785027528,0.2165761932792625,0.00023593985684172323,0.00024746122653596103
195,0.00022258928345267751,0.21499029479065287,0.00024408831244053115,0.0002663961495272815
196,0.0003061514437485507,0.21563213611034043,0.00032771465689926876,0.0003297015791758895
197,0.00019966445156132499,0.21433717972683738,0.00022109816897980959,0.0002607314381748438
198,0.00021535818440255575,0.2130414813453807,0.00023666233169929878,0.0002781067159958184
199,0.00021637354799598928,0.21184805642752547,0.0002375583537294145,0.00025586807169020176
200,0.0002257217774017292,0.21137631261396841,0.0002468594079914735,0.0003917647118214518
201,0.00028982720661574295,0.21002191972876894,0.0003108293986302499,0.00023643886379431933
202,0.00018435521343500682,0.2099430629877462,0.00020534951893817614,0.00024969925289042294
203,0.00020789212999747,0.2099628091488789,0.00022888840991565742,0.0002531821373850107
204,0.00020158982211554763,0.20908197952086702,0.00022249801904663226,0.00025523113436065614
205,0.00023859635837644895,0.2074731434655839,0.0002593436723793025,0.00034211442107334733
206,0.0002716879239245943,0.20680358536452748,0.00029236828155466006,0.00029666913906112313
207,0.00025244446761960655,0.20591118575080733,0.00027303558603487344,0.00022454693680629134
208,0.000259554717764935,0.2055978477761435,0.00028011450179505764,0.00028764185844920576
209,0.00020955746163678468,0.20523059509705102,0.0002300805209472862,0.00023154648079071194
210,0.0001793704517331354,0.2042642787858528,0.0001997968786084549,0.00027403459534980357
211,0.00034553051348142446,0.20379797990627654,0.00036591031089379036,0.00023376003082375973
212,0.00016274524126124335,0.20485863093555154,0.0001832311042241694,0.00022162875393405557
213,0.00025135508207975503,0.203262894159369,0.00027168137074107967,0.00021598832972813398
214,0.00019357893109160892,0.20229234064250853,0.00021380816494076166,0.0002540576388128102
215,0.0001978560668340199,0.20206773125728372,0.00021806283939186216,0.0003621645737439394
216,0.00027239613703947314,0.20084290526829862,0.0002924804276288426,0.0002272653073305264
217,0.0002020365336301852,0.20088595160429942,0.00022212512805453181,0.0002249623357784003
218,0.0002013941655887242,0.19966834295770355,0.0002213609994919623,0.00022137259657029063
219,0.00019457478677549923,0.19906252136769376,0.00021448103858695547,0.0003031107771676034
220,0.0002488135343788034,0.19801435140512064,0.0002686149695050347,0.0002584426838438958
221,0.00018051511073881134,0.19720428615778415,0.0002002355388704477,0.0002303328219568357
222,0.0001849801867109452,0.19654854165509297,0.00020463504078297562,0.00022606071433983743
223,0.00022736301855654027,0.19681142099979065,0.0002470441596835333,0.0005911100306548178
224,0.0002605033214773755,0.19433520189676468,0.0002799368405300658,0.0002581501321401447
225,0.00036323564051740686,0.19385996144294257,0.0003826216370924343,0.00022887079103384167
226,0.00017006246332764273,0.19463363140177894,0.00018952582579662443,0.000236200459767133
227,0.000169477700618684,0.1938763910202398,0.00018886533912903733,0.00023993715876713395
228,0.00018302020612365438,0.19409605760506976,0.0002024298115047475,0.0002460356045048684
229,0.0001971122130660451,0.19217461269209773,0.00021632967443077606,0.00024771280004642904
230,0.00018333909249306288,0.19293817419192624,0.00020263290910158818,0.00022729703050572425
231,0.0002292469067470378,0.19169754951885562,0.0002484166618062072,0.000315402663545683
232,0.00024083640504610565,0.19098905338601074,0.00025993530973406764,0.0004124742408748716
233,0.00022771292642547394,0.18971024991212532,0.0002466839507786514,0.0002603285538498312
234,0.00019189106284297239,0.18988081162295836,0.00021087914336248142,0.00029170946800149977
235,0.00018418145420567313,0.18990208591558377,0.00020317166186746972,0.00023872966994531453
236,0.00019681404904282898,0.18923726191626547,0.0002157377747414252,0.00025239065871573985
237,0.00018149807978272024,0.1881809153659072,0.0002003161707708817,0.00022843155602458864
238,0.0002504127165088834,0.18750861674505093,0.0002691635770693151,0.0002796095795929432
239,0.000209221241476346,0.18711361214323072,0.00022793260166317216,0.0002566489565651864
240,0.0001862511583336081,0.1866566562980985,0.00020491682396302758,0.00025265617296099663
241,0.00017745546659188744,0.18593466682715565,0.00019604893293589782,0.0002613200922496617
242,0.0002844645796767995,0.18471420662145682,0.0003029359992319581,0.00026211838121525943
243,0.00015892200981450994,0.18499180648497687,0.00017742118973148221,0.00022667989833280444
244,0.0001491444089668911,0.18477484044561954,0.00016762189221942908,0.00019800361769739538
245,0.00015663581859770556,0.18395785401399153,0.00017503160310394151,0.00024504787870682776
246,0.00019571336381540066,0.18318428476896104,0.00021403179230125233,0.0002708375686779618
247,0.00023604391761453998,0.18263492335392656,0.00025430740964411936,0.00025081881904043257
248,0.0001847045339945155,0.18138556177560786,0.00020284308922828545,0.0002354874595766887
249,0.0001943096859667471,0.18129190676965337,0.00021243887642909717,0.00024682169896550477
250,0.00020700752689582075,0.1807413897890857,0.00022508166542212834,0.00029978473321534693
251,0.0002348466355652679,0.17976302849861495,0.0002528229390844744,0.00032985632424242795
252,0.0002318306244465952,0.17960157885019762,0.0002497907822139234,0.00017379468772560358
253,0.0001811892974009976,0.17925708088901282,0.00019911500486248293,0.0003801770508289337
254,0.0001734039879748908,0.17977869719862336,0.0001913818570748338,0.0001903693046187982
255,0.00018842122994323836,0.17883949339931116,0.0002063051789494346,0.00022918354079592973
256,0.00020832464112474947,0.17808369476992475,0.00022613301021272484,0.00022523645020555705
257,0.0002048140153061884,0.17759541092462663,0.00022257355532414393,0.00022982899099588394
258,0.0001794832206444437,0.17657096858330137,0.00019714031745534012,0.00020708306692540646
259,0.00016524361846493942,0.17638549465440237,0.00018288216727699305,0.0002310935378773138
260,0.0002455097091873858,0.17600602893487716,0.0002631103116251842,0.00020665272313635796
261,0.00018785253571633974,0.17559430806896642,0.00020541196634232204,0.00031952009885571897
262,0.00016800605582437966,0.1745354139287585,0.00018545959671618847,0.00019757731934078038
263,0.00019664465972867547,0.17537655575135883,0.0002141823148260675,0.00028126893448643386
264,0.00018740353545133593,0.1736395309076059,0.00020476748783133857,0.00022251503833103925
265,0.00018161699125603383,0.17405143153053962,0.00019902213454325464,0.0003792795760091394
266,0.000189175354936381,0.1733820831837014,0.00020651356272827497,0.0002412015019217506
267,0.00015160214003797162,0.17330129999325325,0.00016893226977103643,0.0001940318034030497
268,0.00015171054184187052,0.17210656480640021,0.00016892119788604212,0.00018169422401115298
269,0.00020660762129998535,0.17134240634374012,0.0002237418612565584,0.00027476222021505237
270,0.00019530477087677378,0.17148693238209284,0.0002124534633704184,0.0002360607759328559
271,0.00019958841594102427,0.17098443006639163,0.00021668685768675962,0.00024184698122553527
272,0.00017340027076764527,0.17108067028854498,0.00019050833774922278,0.00022370452643372118
273,0.0001651815350416965,0.1700796229707004,0.00018218949702441482,0.0003317105583846569
274,0.0001914421732466495,0.17059872094124526,0.00020850204460475102,0.0002184960467275232
275,0.00021405773104415636,0.16945303634197031,0.0002310030342490383,0.0004602672124747187
276,0.00019567491356274028,0.16847075829496297,0.0002125219885241306,0.0001789179805200547
277,0.00016049348781278636,0.16900200724938563,0.00017739368758519584,0.00025699424440972507
278,0.00014634063692554818,0.16918368032084463,0.00016325900467959874,0.00019415987480897456
279,0.00018233684437783147,0.1682005805036976,0.00019915690247554945,0.00019061833154410124
280,0.00015594378708956686,0.16739837482358083,0.00017268362384703946,0.00022718822583556175
281,0.00015163889454523108,0.16646321551879167,0.00016828521573504924,0.00022995314793661237
282,0.00021157363564923488,0.16613128588887685,0.00022818676410860821,0.0001978838990908116
283,0.00016573999625420165,0.1653765363876081,0.00018227765021312843,0.00023705785861238837
284,0.0001504819921953707,0.1659459908326146,0.00016707659084594213,0.00021796062355861068
285,0.0001805772165415196,0.16517730489171717,0.00019709494587045263,0.0002287139795953408
286,0.0002120595089922068,0.16487426270798647,0.00022854693494380032,0.00035269433283247054
287,0.00020656779612434275,0.16466334074128167,0.00022303412999820593,0.00022330661886371672
288,0.00024712632877387316,0.16337424799279657,0.00026346375358164806,0.000203457530005835
289,0.00013826369656029972,0.1643826907289738,0.00015470196521739023,0.00017355469753965735
290,0.00016553428005210973,0.16411897262446695,0.00018194617628374565,0.0002875035861507058
291,0.00021994262911681476,0.1627979873492186,0.00023622242773541904,0.0001875079469755292
292,0.00015825619467884898,0.161745622003716,0.00017443075629294683,0.00018215947784483433
293,0.00015558705451300576,0.16181397772617226,0.00017176845220155359,0.00038383941864594817
294,0.00018499012404228594,0.16095375674343493,0.00020108549912200768,0.00019369837536942214
295,0.00016404995454243158,0.16228166450778123,0.00018027812039115917,0.000423669524025172
296,0.00020887049343128005,0.16081501903567616,0.00022495199453581864,0.00018611720588523895
297,0.00019675686048140786,0.16099279255787613,0.00021285613935253291,0.00023274724662769586
298,0.00013597069135711995,0.15985290857821732,0.00015195598212523268,0.0001978757936740294
299,0.00013145149255545686,0.1602549883046617,0.0001474769911537319,0.00019116923795081675
300,0.00015618624177166494,0.15919363515480495,0.00017210560448960646,0.00019737084221560508
301,0.00019551484718637806,0.15926962940892586,0.00021144180937306476,0.0003120340115856379
302,0.00015397717061777497,0.1585223919414247,0.00016982940914401622,0.0001634706713957712
303,0.00014764065623852423,0.1585854545656054,0.0001634992012041259,0.0001958124339580536
304,0.00016359746972966833,0.1579867622562422,0.00017939614519447758,0.00023354134464170784
305,0.0001618637728006048,0.157197129439634,0.0001775834851199996,0.00021189409017097205
306,0.0002170906163533345,0.1572054640363853,0.00023281116222205743,0.00020928040612488985
307,0.00013622340598261345,0.15679131411327243,0.00015190253721953742,0.00017789496632758528
308,0.0001338809838347108,0.1564380249882081,0.00014952478627016435,0.00017643015598878264
309,0.00015866287792732096,0.15632486845951388,0.0001742953640781437,0.0002732498396653682
310,0.0002047334013777662,0.1552750342243495,0.00022026090474748058,0.00022809917572885752
311,0.0001506485331855953,0.15524274083776504,0.00016617280710288853,0.0002504647127352655
312,0.00015287846776195844,0.1552086697441538,0.00016839933474233334,0.00020456693891901523
313,0.00022243961348202113,0.155819791032616,0.00023802159268100767,0.0002738682378549129
314,0.00017312474725213498,0.15414977307444744,0.00018853972456864374,0.0002465487050358206
315,0.00014777178180288414,0.15410934348255545,0.00016318271573908781,0.0001730512158246711
316,0.00014019107619546236,0.15381106473915993,0.0001555721823402843,0.00019102756050415337
317,0.00020024453323298273,0.15365142937529339,0.00021560967557261935,0.00023289708769880235
318,0.00015935076246995246,0.15264031665717318,0.0001746147938372119,0.00017404557729605585
319,0.00016085502040716015,0.15273707324272448,0.00017612872753028244,0.00018990921671502292
320,0.00016627396399071384,0.15226393058105145,0.00018150035631928665,0.00018379378889221698
321,0.00013196299720332817,0.15162955096222677,0.00014712595171929458,0.0002309799165232107
322,0.00015895615060308358,0.15151698984724482,0.00017410784930295729,0.0001809420355129987
323,0.00013942457756530832,0.1514113360476181,0.00015456571097731943,0.00020521848637145013
324,0.0001935219493387765,0.15118676172532178,0.00020864062548925637,0.00032568638562224805
325,0.00031013543959468553,0.1495951758670037,0.0003250949568825649,0.00020065969147253782
326,0.00013378217488592612,0.15003547972567027,0.0001487857220282329,0.00018027861369773746
327,0.00011120567510647401,0.14983563708176406,0.0001261892381847712,0.0001598671224201098
328,0.00012316771238355303,0.14922330203017842,0.0001380900420245219,0.00019029519171454012
329,0.00019329932530203365,0.1494325685111353,0.00020824258262749692,0.00022694619838148355
330,0.00023639219323564115,0.14832717589797936,0.0002512249097427284,0.00027066722395829856
331,0.00014437408055795317,0.14872665843905883,0.0001592467463217952,0.0001880550553323701
332,0.00013289348906246517,0.14850546283125277,0.00014774403535475715,0.00017775733431335539
333,0.00014191442280554322,0.1485283450861391,0.00015676725644763468,0.0001558165968162939
334,0.00017647887539321992,0.1472735496605441,0.00019120623017722358,0.0002026537840720266
335,0.0002211861876654791,0.14688466938304612,0.0002358746547966173,0.0002231254184152931
336,0.00012827971741365875,0.147286381408497,0.00014300835492499605,0.000207930599572137
337,0.00014604512224263792,0.14692962200490065,0.00016073808389693294,0.00021572498371824622
338,0.00015195040085846812,0.14681071436320978,0.00016663147181660872,0.0002000587119255215
339,0.00013155745145771746,0.14655908377415958,0.00014621335955364415,0.0001571330358274281
340,0.0001183153957605581,0.14594126949986344,0.00013290952232178333,0.00015560982865281403
341,0.00012581529014783335,0.14599406674423082,0.00014041469623987852,0.0001876333262771368
342,0.0001774206236949309,0.14436305520777504,0.00019185692904566157,0.00018403922149445862
343,0.00022244791645995097,0.14518375769212435,0.00023696629195457642,0.00017530230979900807
344,0.0001755822791206236,0.1445722976801494,0.00019003950883519265,0.0002378954377491027
345,0.00012918966643861847,0.14434394123527766,0.0001436240601345829,0.00015895292744971812
346,0.00011846739552315046,0.14472497305090565,0.00013293989261367484,0.00015330544556491077
347,0.00013470545388707904,0.14448773298422335,0.0001491542260614097,0.00015348452143371105
348,0.0001906365629874229,0.1443500173652449,0.000205071563905706,0.00017118253163062036
349,0.00014688809302012418,0.14400588894395608,0.00016128868137262612,0.0002403556281933561
350,0.0001562177133361135,0.14264410531220115,0.000170482123154333,0.00021027559705544263
351,0.0001826382022871195,0.14313483742207259,0.0001969516854158788,0.00019763082673307508
352,0.000129759205865599,0.14291092921638585,0.00014405029838694228,0.00015954392438288778
353,0.00013639563631748464,0.14172891444238475,0.00015056852774478883,0.00020436792692635208
354,0.00013763866705211926,0.14190941074541671,0.0001518296074811402,0.00016935485473368317
355,0.0001568434984338875,0.14193842563763878,0.00017103734022035996,0.00028019683668389916
356,0.0001411261047715557,0.14205188238825253,0.00015533129205286088,0.00015151166007854044
357,0.00019711293602610376,0.14106617301431842,0.00021121955272569167,0.0001712814118945971
358,0.00012713186232517375,0.1406846737314305,0.0001412003297265008,0.00019144262478221208
359,0.00012157142935210311,0.1411061088366417,0.00013568203959143677,0.00017518852837383747
360,0.00015019677298479006,0.14023329648577001,0.00016422010227691526,0.00023944258282426745
361,0.00014283272803114496,0.13966742426884765,0.00015679946974355457,0.00015022917068563402
362,0.0001471669080974506,0.1405240513515761,0.0001612193131131918,0.00017731012485455722
363,0.0002159850895613917,0.1398398366619191,0.0002299690729388441,0.00023738709569443017
364,0.00014748505752533203,0.13985674276650253,0.0001614707316605348,0.00024127672077156603
365,0.0001299362972841103,0.13859704744695533,0.0001437960015511771,0.0001497148332418874
366,0.00013536142358825637,0.1388284755524184,0.0001492442704714162,0.0002064308209810406
367,0.00014804785232045326,0.138837328083941,0.00016193158456645238,0.0001790019014151767
368,0.00014055888696964152,0.13840684404599318,0.0001543995709690396,0.00015802113921381533
369,0.00011656443161364103,0.13847352574812297,0.0001304117839196772,0.00019120915385428816
370,0.00015557805359279916,0.1379784551589448,0.00016937589876201732,0.00016947073163464665
371,0.00014015567802761115,0.1374749935220036,0.0001539031768673594,0.0001497912162449211
372,0.00014785623464519092,0.1372917085223193,0.0001615854057170428,0.0003837401745840907
373,0.0001639100992864169,0.13669318526556226,0.00017757941774509877,0.00018574261048343033
374,0.0001355313557118138,0.13678515306154246,0.00014920987006099227,0.00017478031804785132
375,0.00014590522032610528,0.13686363964533108,0.00015959158364796633,0.00015471542428713292
376,0.00014448163526388323,0.1365802491861203,0.00015813965937787596,0.00016271075583063066
377,0.00016540594282771502,0.13610567355288267,0.00017901651000998273,0.00018695626931730658
378,0.0001172953635200672,0.1357638817313461,0.00013087175141030397,0.00016399394371546805
379,0.00017339842036907073,0.13587287670043113,0.00018698570760751452,0.00018011630163528025
380,0.00012134446406619027,0.13575076721775545,0.00013491954036478956,0.00014915443898644298
381,0.00012541181416890755,0.13520652768782723,0.00013893246615712468,0.0002012380864471197
382,0.0001826088729361025,0.13449636507611704,0.0001960585089758702,0.00020869156287517399
383,0.00016069342709947837,0.1340359399393276,0.00017409702083159343,0.00016225855506490916
384,0.00010054950791084059,0.134816001684466,0.00011403110786059197,0.00017869993462227285
385,0.00015135998870095748,0.1335881447048649,0.0001647188027224181,0.0001716148544801399
386,0.00011351338289133024,0.1340500463130616,0.00012691838727095357,0.00020630548533517867
387,0.00014745883367648846,0.13399492067525653,0.00016085832525118923,0.00016391724057029933
388,0.00011522684884007398,0.13338236830309108,0.00012856508548413548,0.00015997052832972258
389,0.00014123562771926128,0.1328845013629055,0.0001545240772363197,0.00019351571972947568
390,0.00013083850758357677,0.13293055899569053,0.00014413156331125385,0.00016706151654943824
391,0.00020737384323065482,0.13189940458205346,0.000220563783461306,0.0002649789967108518
392,0.00015964681528439118,0.1319737951138426,0.00017284419430896975,0.00013400772877503186
393,0.0001088715443788444,0.13253067904452143,0.0001221246118224992,0.00013956012844573706
394,0.00010849261734804737,0.13219852313035432,0.00012171246944015093,0.0001525257684988901
395,0.0001611711395258675,0.13214975762102607,0.00017438611489538325,0.00020046246936544776
396,0.00016759701466902537,0.1318915854825983,0.00018078617294583054,0.00016793713439255953
397,0.0001329261037724527,0.13082859087760224,0.00014600896246213933,0.00014236627612262964
398,0.0001345996634132961,0.13106554982399965,0.00014770621811223002,0.00018681887013372034
399,0.0001248822899121325,0.130972451465522,0.00013797953484864675,0.00014940067194402218
400,0.0001459863281533438,0.13043919687482833,0.00015903024759609253,0.0002314211888005957
401,0.00014595647506835457,0.13059475279215246,0.0001590159498734257,0.0001949533325387165
402,0.00011064940904124756,0.13032988014832275,0.00012368239675077358,0.0001585348800290376
403,0.00016211599537888476,0.13033250648847863,0.000175149245051372,0.0003837538242805749
404,0.00016858921385373485,0.13010598010107438,0.00018159981187218968,0.00014630102668888867
405,0.00012101116073533975,0.12984636323435156,0.00013399579629546837,0.0002482295676600188
406,0.00011730119034046012,0.1298795285870882,0.00013028914286637787,0.00015555956633761525
407,0.00011031933806380342,0.1293102426522916,0.00012325036208679586,0.00016938183398451656
408,0.00013952000000859224,0.12860356981049392,0.00015238035666074052,0.0001560438540764153
409,0.00011205605137317915,0.12804212809240542,0.00012486026384285064,0.00015356320363935083
410,0.00014010925276682353,0.12813213860687886,0.00015292246596263693,0.00018149682728108019
411,0.00015113622586739294,0.12830617821216583,0.00016396684292292713,0.00018074948457069695
412,0.0001194727017588732,0.12765787609422244,0.00013223848939665587,0.00017719763854984194
413,0.00015785268568079054,0.12700266205205926,0.00017055295117097925,0.00016390248492825776
414,0.0001265217639463808,0.12696668010330586,0.0001392184314520054,0.00019289353804197162
415,0.00016391985159140365,0.12692168204418705,0.00017661201940061418,0.00016345198673661798
416,9.754392593853762e-05,0.12733411165106548,0.0001102773368161963,0.00015278415230568498
417,0.0001707722008189301,0.12690314636756145,0.00018346251514021357,0.00015723536489531398
418,0.00013668568625972878,0.12633194086096963,0.000149318879832867,0.00014719455793965608
419,0.00011568218700377003,0.12711724235678296,0.00012839391081444505,0.00015848560724407434
420,0.00011987485460430481,0.12615533644021099,0.00013249038818868405,0.00015101525059435517
421,0.00010814845303846965,0.126087321517927,0.0001207571846955032,0.00016095032333396375
422,0.00012210285954396348,0.1258254656700265,0.00013468540605184867,0.00020372281142044812
423,0.00018161849294014756,0.12555666510765295,0.00019417415872497219,0.0002660067402757704
424,0.000177647554104176,0.1251244467437929,0.00019015999735609321,0.0001876500464277342
425,0.00010340196672685099,0.12526103369138317,0.00011592806972168324,0.00013017798482906073
426,9.16294121144924e-05,0.12522701362169356,0.00010415211344193235,0.00017082050908356905
427,0.00011664945404022964,0.12492363996257937,0.0001291418177936523,0.00016662092821206897
428,0.00018378545742906728,0.12411854107649367,0.00019619731141259475,0.0001837807649280876
429,0.00010628281959855749,0.12403431905392562,0.00011868625120978753,0.0001877917384263128
430,0.00011962248592215283,0.12447137272189532,0.0001320696226949639,0.0001837352174334228
431,0.0001449169930186114,0.12397698465449779,0.00015731469112537438,0.0001382291375193745
432,0.0001470462918050369,0.12364577207832356,0.00015941086899010816,0.00017209381621796638
433,0.0001516342477722133,0.12311513561750156,0.0001639457606935101,0.00021227764955256134
434,0.0001235332113535493,0.12341788637926793,0.00013587499979644257,0.00018867128528654575
435,0.0001158403123354311,0.1230964920677162,0.00012814996123245066,0.0001611521001905203
436,0.00011547778365256285,0.12303423504349442,0.00012778120683755174,0.0001522217644378543
437,0.00011723716829662135,0.1227090165686054,0.0001295080695519911,0.0001320165174547583
438,0.00010713464627336094,0.12222955785545885,0.00011935760173230037,0.00016982351371552795
439,0.00012804390771354912,0.12223421429583331,0.00014026732900229027,0.000152610766235739
440,0.00031769257939758254,0.12093571151205076,0.00032978615052499984,0.0001613602216821164
441,0.00010582036730588068,0.12203099280433385,0.0001180234662397867,0.00013310818758327514
442,9.038121329104071e-05,0.12178474540528808,0.00010255968759922305,0.00014003321120981127
443,0.00012053001148501217,0.12172618526358657,0.00013270262976348076,0.00022158227511681616
444,0.00015143349275531436,0.12144714229595288,0.00016357820624730894,0.00019865477224811912
445,0.00011584540568796098,0.12124557007682311,0.00012796996230292194,0.00015372499183285981
446,0.00014849740014803633,0.12058362068309553,0.00016055576237706574,0.00019352145318407565
447,0.00012592381352269044,0.12134144735576888,0.0001380579579200649,0.00016278086695820093
448,0.0001915007940412233,0.12146412425361175,0.00020364720652896748,0.00021283270325511694
449,0.00013733505885010796,0.12073768809536993,0.00014940882780358682,0.00012458700803108513
450,9.447978558554479e-05,0.12073089629688369,0.0001065528748687836,0.00016116023471113294
451,9.250497826633272e-05,0.1205289096198337,0.00010455786894845252,0.0001296008995268494
452,8.736667429010302e-05,0.12015709951210214,9.938238402753391e-05,0.00014235002163331956
453,0.00010451129849526258,0.11952104346470684,0.00011646340278813222,0.00018119275046046823
454,0.000306016471263493,0.11825701456642536,0.00031784217305447134,0.00017753835709299892
455,8.59396836902372e-05,0.1186343977718974,9.780312291939492e-05,0.0001400105975335464
456,9.771271079150663e-05,0.11934100282180202,0.00010964681070878742,0.0001685233146417886
457,0.00011034730271245147,0.11935248553404053,0.00012228255114174146,0.00014226071652956307
458,9.926572387383012e-05,0.11910862917062853,0.00011117658658386852,0.00014656141865998507
459,0.00010369637757266038,0.11867475793057325,0.00011556385295315459,0.00015842074935790151
460,0.00013311193207810764,0.11851980128755002,0.00014496391147044303,0.0002675864670891315
461,0.00014231150078909812,0.11819937998892441,0.00015413143867317833,0.00016005577344913036
462,0.00010362900675727405,0.11804892033867831,0.00011543389873098212,0.00014536378148477525
463,0.00014936111864631977,0.11762589383011028,0.00016112370797227146,0.00018529607041273266
464,0.00011154152330057649,0.11853508060105994,0.00012339503086944073,0.00016004921053536236
465,8.952855324576112e-05,0.11781888732178782,0.00010131044145678212,0.00012922870519105345
466,0.0001224330608653352,0.11729540292604419,0.00013416260140973842,0.00013952312292531133
467,0.0001345892345590219,0.11732353010487966,0.00014632158762165444,0.00018824616563506424
468,0.00012969820223528777,0.11682027109840924,0.0001413802292278294,0.00021489874052349478
469,0.00016207883453780623,0.11752185225546902,0.00017383101952988674,0.00017116950766649097
470,0.00011965282093338842,0.11627583042692344,0.00013128040331358506,0.00017018897051457316
471,9.763603028923547e-05,0.1161855826960683,0.00010925458854334063,0.00017364717496093363
472,0.00011565788467809385,0.11636185570327352,0.0001272940698943658,0.0001627551973797381
473,0.00011216375386941751,0.1159137983673396,0.00012375513370974434,0.00013935881725046784
474,0.00010696028128195146,0.11574951768216163,0.00011853523281244063,0.00021776424546260387
475,0.00014374110207333315,0.11574776859095792,0.0001553158785051344,0.00022681592963635921
476,0.00012230213769177288,0.11569768366689759,0.00013387190593126033,0.00016002141637727618
477,0.00010298599765293477,0.1159453805019829,0.00011458053553463303,0.00016673740174155682
478,0.00010006010525460016,0.11536028062449213,0.00011159613291595758,0.00013347255298867822
479,0.0001615849400262699,0.1151514391451623,0.0001731000832044947,0.0004250095516908914
480,0.0002467607144203754,0.11490295637995156,0.0002582510107781998,0.00013798585860058665
481,9.794699316829073e-05,0.11477811515180904,0.00010942480438607384,0.0001447792601538822
482,9.595094099297827e-05,0.11556161268050928,0.00010750710142623186,0.00014574250963050872
483,9.431777723450974e-05,0.11483186817481948,0.00010580096368707987,0.00015508188516832888
484,0.0001140865514467928,0.11496835301081179,0.0001255833864572442,0.00016510412388015538
485,0.00011345158054835918,0.11411069568964595,0.00012486265004734912,0.00018218645709566772
486,0.00011536098318197975,0.11422627029914548,0.00012678360999847303,0.00014292856212705374
487,0.00016151190052555138,0.11362666417671861,0.00017287456663008253,0.00020878601935692132
488,0.00013164948782897447,0.11368290906867876,0.00014301777886329914,0.00016187288565561175
489,0.0001273661993289372,0.11390272967732398,0.00013875647173422896,0.00016224978026002645
490,9.731180463487838e-05,0.1137131664918963,0.00010868312110800172,0.00014023849507793784
491,0.00011529988264907001,0.1136249683868031,0.00012666237909324734,0.0002760624629445374
492,0.0001491109688731529,0.11342504473110261,0.0001604534730291244,0.0003393670485820621
493,0.00015672829919027148,0.11315357128799142,0.00016804365588789786,0.00013586161367129534
494,9.300074085782825e-05,0.11271102206383415,0.00010427184262081293,0.00012284485273994505
495,8.912908071398314e-05,0.1127432739112139,0.00010040340767423861,0.0001294982066610828
496,0.00010456492113772738,0.11294795207737914,0.00011585971608879674,0.00019669703033287078
497,0.000149723493545194,0.1121235184366359,0.0001609358449393576,0.00014435370394494385
498,0.00011396448053083619,0.11227599778365416,0.00012519208035045553,0.0001829125394579023
499,0.00013408419915222856,0.11153634093916862,0.0001452378327968271,0.00013351051893550903
500,0.0001115481461612456,0.11171399598898729,0.00012271954571051988,0.00012708741996902972
501,8.94148563248985e-05,0.1114018355004121,0.00010055503984887386,0.00013728720659855753
502,0.00012199916856212581,0.11133134085234672,0.00013313230249220666,0.0001430073316441849
503,9.689572498250018e-05,0.11205556079850548,0.00010810128075835896,0.00013596034841611981
504,0.00013729011881640735,0.11104762038465224,0.00014839488040636117,0.00018257733609061688
505,9.61343437485753e-05,0.11119476234118945,0.00010725381990939785,0.00013577952631749213
506,9.501277673348134e-05,0.11098532086424341,0.00010611130887507175,0.00014065873983781785
507,0.00012706929731147982,0.11062797000026847,0.00013813209322111552,0.00020756693265866488
508,0.0002106289297168911,0.11006500622494791,0.00022163543055610737,0.00014786323299631476
509,0.00010228138984621274,0.11064928567253136,0.00011334631782564062,0.00012796444934792817
510,9.526960675989482e-05,0.10978237097372802,0.000106247843964757,0.0001496239856351167
511,9.103533096018733e-05,0.10957195924641987,0.00010199252676340215,0.00013465732627082616
512,0.00017108663487836424,0.10996420542413123,0.00018208305517283918,0.00015719009388703853
513,0.00012231564397245128,0.10985679469345556,0.00013330132275974607,0.00015966837236192077
514,0.00010222564920229512,0.11024196347386758,0.00011324984515186842,0.00012329441960901022
515,0.00010866609170826623,0.10969977698298444,0.00011963606882367215,0.00016208506713155657
516,0.000145142041691593,0.10907893536363913,0.00015604993466129967,0.00012392282951623201
517,8.245603534890861e-05,0.10966108151238814,9.342214327768868e-05,0.0001529105647932738
518,0.00010569304264973808,0.10883209957677108,0.00011657625246864925,0.0001875020534498617
519,0.00011056771030093663,0.10941080487899174,0.0001215087905175858,0.0001556106872158125
520,0.00011960717883911623,0.10942994380418275,0.00013055017290374463,0.00014242902398109436
521,8.842348704076025e-05,0.1085796810486603,9.928145533511941e-05,0.00015094525588210672
522,0.00010360514951445065,0.10846405476217434,0.00011445155473943804,0.0001400592882419005
523,0.00017537620203138642,0.1084839749496231,0.0001862245996219062,0.00016696439706720412
524,0.00011333697917953409,0.10796312877316287,0.00012413329180171686,0.00014974283112678677
525,9.386777956349781e-05,0.10801103329983297,0.00010466888240569316,0.00012136826990172267
526,0.00015425417419110906,0.10802426290903033,0.000165056600561389,0.00014809782442171127
527,9.961617848503203e-05,0.10830732497461629,0.00011044691045633231,0.00014537993411067873
528,0.00012395163804530444,0.10810927725331454,0.0001347625651469644,0.0003325713623780757
529,0.00015622498344923215,0.10779346351979599,0.0001670043292819775,0.00011991884821327403
530,7.460061367072529e-05,0.10718159987545157,8.531877323848832e-05,0.00011854346666950732
531,8.791944412216187e-05,0.10735420908678914,9.865486485388799e-05,0.00013110997679177672
532,0.00014077010249844015,0.1069970748475654,0.00015146980990559864,0.00016420295287389308
533,0.00015445832506749745,0.10700519308631283,0.00016515884397085755,0.00012911559315398335
534,9.084806527919394e-05,0.10681698812281207,0.00010152976367259388,0.00017277542792726308
535,0.00010907913143759477,0.10672908261258955,0.00011975203921553688,0.0001235547970281914
536,0.00011046804421926463,0.10669700143026897,0.00012113774397889035,0.00014700618339702487
537,0.00010060147435851226,0.10689539580448605,0.00011129101357552223,0.00018937654385808855
538,0.0001442169388131202,0.10621622833961435,0.00015483856162535145,0.0001541966339573264
539,0.00011458041116859112,0.10642596994669719,0.00012522300785330128,0.00013037481403443962
540,0.00010890531071248406,0.10608033622772735,0.00011951334456272712,0.0001432008866686374
541,7.772918176173781e-05,0.10583143623685981,8.831232518135541e-05,0.0001422438508598134
542,0.00016762818720022086,0.10551068450927012,0.00017817925555172436,0.00012778957898262888
543,8.731325256709183e-05,0.10605503851283571,9.791875601483943e-05,0.00014378613559529185
544,8.069296952509242e-05,0.1058364226590733,9.12766115495951e-05,0.00013665248116012663
545,0.0001309546938862165,0.10555290918712298,0.00014150998445786208,0.00012910008081234992
546,9.667175729039166e-05,0.10471776870569716,0.00010714353367206513,0.00012228988634888083
547,9.280557470370553e-05,0.10502709111971283,0.00010330828374386112,0.00013427433441393077
548,0.00015964936450487717,0.10488037819241659,0.0001701374017910968,0.00012791114568244666
549,8.767157655625625e-05,0.10524096230228783,9.8195672366255e-05,0.00016274616064038128
550,0.00010983396983692774,0.10489999366847105,0.00012032396888918846,0.00011972038919338956
551,0.00015299136540370848,0.10479383463774151,0.00016347074903104658,0.00013903217040933669
552,0.00011134511668216973,0.10496964677437523,0.00012184208114236766,0.00014882240793667734
553,9.642801182627664e-05,0.10420088705964815,0.00010684810043794247,0.000131344553665258
554,7.631081759472218e-05,0.1044707049406862,8.675788790029854e-05,0.00012917369895149022
555,7.949843345634971e-05,0.10424474898049858,8.99229080834582e-05,0.00015385914593935013
556,0.00015190305792894327,0.10368988517807903,0.0001622720463221374,0.0001666025200393051
557,0.00015212168857865467,0.10368541214769231,0.00016249022963099694,0.0001481151266489178
558,0.00017685726908531075,0.10354505489031314,0.00018721177485559086,0.00013911192945670336
559,8.276418284757399e-05,0.10359124158056665,9.312330654506994e-05,0.00012089677329640836
560,7.62191203775967e-05,0.10386036445352312,8.660515664373482e-05,0.0001331931707682088
561,9.514562212940782e-05,0.10373599608713154,0.00010551922153209276,0.00015490053920075297
562,0.00014360627781975202,0.1032194793756025,0.00015392822562799131,0.00014413059398066252
563,0.00011245360040872036,0.10261855908485522,0.0001227154558646426,0.00011820024519693106
564,7.589902140522717e-05,0.10290688408070689,8.618970947497779e-05,0.00011353437730576843
565,9.479567782735352e-05,0.10269666980373872,0.00010506534477192805,0.00013562220556195825
566,0.00012394741617752133,0.1025503656213387,0.0001342024525485822,0.00023220408183988184
567,0.0002417032792116398,0.1015771871044946,0.000251860996926303,0.0002264416980324313
568,0.00011748857421231458,0.10212925932662398,0.0001277014997319763,0.0001213498690049164
569,9.16884720777622e-05,0.10254668708562129,0.00010194314069440729,0.00014089398609939963
570,7.087805287873252e-05,0.10248978099837433,8.112703080713847e-05,0.00011877015640493482
571,8.764142437974755e-05,0.10313524775837071,9.795494850123006e-05,0.00014092097990214825
572,0.00015893693587818632,0.10162513474150214,0.00016909944861126438,0.0001499453210271895
573,8.63188971038419e-05,0.10172040066071884,9.649093705752215e-05,0.00011824522516690195
574,0.00017948786512181242,0.10143053535911077,0.00018963091849200485,0.0002916063240263611
575,0.0001105750893924233,0.10205972483973691,0.00012078106135137447,0.00011112440552096814
576,8.318847401167936e-05,0.1021603405825666,9.34045077921817e-05,0.00015001482097432017
577,9.303409333041739e-05,0.10112082409341448,0.00010314617525209606,0.0001205093358294107
578,9.534130355853758e-05,0.10187526920416762,0.00010552883034644369,0.00014316105807665735
579,9.797448722206763e-05,0.1016507303785123,0.00010813956007291634,0.00012800215336028486
580,9.301820436648096e-05,0.10116611098665763,0.00010313481510855073,0.00013412637053988874
581,0.00013197744306220132,0.10064138647634253,0.0001420415815866508,0.00013283829321153462
582,0.00010462904754743228,0.10092652062510866,0.00011472169909446278,0.00015671149594709277
583,0.00018356320613826738,0.10065005511460463,0.00019362821135534617,0.00019090442219749093
584,9.455421045843105e-05,0.10067117053673318,0.00010462132739241485,0.00011949272447964177
585,8.611350066885381e-05,0.10078499001042032,9.619199945966127e-05,0.00011860738595714793
586,7.161265845900621e-05,0.10061835075170554,8.167449307724774e-05,0.00014226222992874682
587,0.00010539152716350151,0.10045929912174746,0.00011543745702737802,0.00011824937246274203
588,8.545741337768764e-05,0.10024410992409699,9.548182395637161e-05,0.00013343727914616466
589,0.0001475226491132627,0.09995636949830292,0.0001575182859330531,0.00017025263514369726
590,9.062322459722128e-05,0.09989637153047606,0.00010061286187475344,0.00010841227049240842
591,9.797916893836009e-05,0.10055186215809929,0.00010803435512091946,0.00021077146811876446
592,0.00020056713607713653,0.09983914899633582,0.00021055105094078743,0.00010950157593470067
593,7.220524137725257e-05,0.09956273657889467,8.216151463264443e-05,0.00013159959053155035
594,8.915768168193751e-05,0.10009772445509581,9.916745365445063e-05,0.00012863069423474371
595,0.0001306107174763719,0.0990468941708025,0.00014051540686871563,0.00016767228953540325
596,9.19769750602001e-05,0.09955685161341331,0.00010193266008242139,0.0001333639957010746
597,9.746276130073955e-05,0.0995480555329626,0.00010741756670094753,0.00015116017311811447
598,0.0001360710342034066,0.09909525353997554,0.00014598055884940315,0.0001683069276623428
599,9.49883448720008e-05,0.0996704310033805,0.00010495538781624354,0.00011881409591296688
600,7.0567306145045e-05,0.09965129243281005,8.053243492736305e-05,0.00012820764095522463
601,8.823195054920862e-05,0.0992218269570444,9.815413287379586e-05,0.00012790889013558626
602,0.0001008536328902157,0.09854559037495333,0.00011070819200430297,0.00023502641124650836
603,0.00018922792108131312,0.09860570487160494,0.00019908849117807775,0.00011586468463065103
604,9.193537679468456e-05,0.09848472489748905,0.00010178384890412868,0.00011760598863475025
605,0.0001844714068124911,0.09844775295654531,0.0001943161812385142,0.0002666028158273548
606,9.554304738867818e-05,0.09894459542839606,0.00010543750671689341,0.00011054684728151187
607,6.881906737478997e-05,0.09818880760014118,7.863794807780498e-05,0.00013284542364999652
608,7.335254106538814e-05,0.09778596534077022,8.313113704521593e-05,0.00011465342686278746
609,8.787913004351794e-05,0.0982620571008484,9.770533576891753e-05,0.00011612042726483196
610,0.00014854189084443864,0.09776864406090571,0.0001583187545716197,0.00021760724484920502
611,0.00011778572731107233,0.09758976311303533,0.00012754470327698488,0.0001419703767169267
612,7.828953187891792e-05,0.097570943020006,8.804662592425251e-05,0.00014307678793556988
613,0.00016401528394047437,0.09749425213019373,0.00017376470878302316,0.00010393447882961482
614,6.791587058025624e-05,0.09786555195438153,7.770242550474705e-05,0.0001500185753684491
615,0.0001468696492830668,0.09744331611664336,0.0001566139802749139,0.00018919746798928827
616,9.992661665568004e-05,0.09737319607077886,0.00010966393594476408,0.00011046697181882337
617,8.055977594973398e-05,0.09743038791315828,9.030281457609255e-05,0.0001279369171243161
618,8.720151907362618e-05,0.09760607644846413,9.696212659522281e-05,0.00017182274314109236
619,0.0001246469108690085,0.09638441724120428,0.0001342853521235103,0.00013722975563723594
620,8.130731372984772e-05,0.0969047633791427,9.099778966050393e-05,0.00012078375584678724
621,7.760301056134963e-05,0.09706366404659453,8.730937666567485e-05,0.00012818211689591408
622,0.00012227835252413038,0.09658535734820438,0.0001319368882201082,0.00015285593690350652
623,0.00010857446046802662,0.0960993070073734,0.00011818439098696227,0.00015400644042529166
624,0.00011466679710382173,0.09612893231966421,0.00012427969014024932,0.0002203269104938954
625,0.00018088844895170668,0.09560733924918892,0.00019044918261889432,0.00014106820162851363
626,9.077501880342384e-05,0.09607337811880949,0.00010038235629082908,0.00013911465066485107
627,8.92746667423465e-05,0.0957292863404835,9.884759532635436e-05,0.0001570566528243944
628,8.765652290526373e-05,0.096161319724005,9.727265450951439e-05,0.00013067858526483178
629,0.00013584051876282838,0.09564856121494358,0.00014540537414291365,0.0002387284184806049
630,0.00011407885845425407,0.09470131380081658,0.00012354898975165205,0.00011182985326740891
631,6.99567546109776e-05,0.0959153272546264,7.954828704346214e-05,0.00011802983499364927
632,8.703413513145108e-05,0.09592795872351476,9.662693086541686e-05,0.0002430907916277647
633,0.0001315619072498139,0.09544511999931153,0.0001411064185126822,0.00015025839093141258
634,9.25666083905735e-05,0.09511880163516094,0.00010207848837429998,0.00012301294191274792
635,0.00010446605770821673,0.09516553329026062,0.00011398261052266883,0.00010673258657334372
636,6.654720409371769e-05,0.094935223628967,7.604072617348584e-05,0.00011996347166132182
637,9.218462364908823e-05,0.0948584960207689,0.00010167047301202535,0.00015834147052373737
638,0.00015449234741422987,0.09532762813965079,0.00016402511024545956,0.00012908362259622663
639,7.054699178439482e-05,0.09448925793531805,7.999591730100617e-05,0.0001191528863273561
640,8.428380239365376e-05,0.09458804767716424,9.374260698202208e-05,0.00013027124805375934
641,0.00011449314000373509,0.09425750468988592,0.00012391889063594674,0.0001549378939671442
642,7.612767599892636e-05,0.09440285041811007,8.556796077611375e-05,0.0001497556659160182
643,0.00010001801442534416,0.09407124617999546,0.00010942513898068355,0.00012467449414543808
644,0.00010361901974390326,0.09407671275052244,0.00011302669090618248,0.00012560964387375861
645,0.00012434327558727792,0.09378232157344654,0.0001337215079876381,0.00014139390259515494
646,0.00010117637304923714,0.09404461891722125,0.00011058083440514994,0.00020635205146390945
647,8.664441882430855e-05,0.09400709215260658,9.604512790447537e-05,0.00011878957593580708
648,7.894917877201146e-05,0.0941869378056223,8.836787219364178e-05,0.0002194443513872102
649,0.00013593597481707177,0.09355639309845827,0.00014529161363796404,0.00013715215027332306
650,8.237722108347809e-05,0.09336162969238462,9.17133839560605e-05,0.00021709226712118834
651,0.00013694104130565932,0.09300618502548796,0.00014624165938300195,0.00013384262274485081
652,9.773342077465029e-05,0.0931131933965428,0.00010704473974772914,0.00011505383008625358
653,7.378825963583825e-05,0.09340417253129056,8.312867674189521e-05,0.0001375481515424326
654,9.012309465644031e-05,0.09316441673371192,9.943953604787714e-05,0.00011504857684485614
655,8.465294652126493e-05,0.09339790813593282,9.399273709374538e-05,0.00015029824862722307
656,0.00014256308395475456,0.0929878872497652,0.0001518618724120717,0.00011588381312321872
657,7.190571304349728e-05,0.09296022405934742,8.120173509559274e-05,0.00010103655949933454
658,0.00011007847497968038,0.09319529598446114,0.00011939800424441624,0.00026575385709293187
659,0.0001923948872307462,0.09207777845053572,0.00020160266420546463,0.00016152363969013095
660,9.052078227085409e-05,0.09256963189946174,9.97777452964221e-05,0.00010984515392920002
661,8.300161406222315e-05,0.09306155057277016,9.230776893720454e-05,0.00012300230446271598
662,6.909848831028477e-05,0.09253888106466422,7.835237615053165e-05,0.00011350836575729772
663,8.52179161069598e-05,0.09242091556165581,9.446000723950857e-05,0.00010693397052818909
664,8.01321608666965e-05,0.09196654266648288,8.93288146452809e-05,0.00014649414515588433
665,9.762334005323809e-05,0.09211175533933669,0.00010683451518244895,0.00011496568913571537
666,0.00010015199438449819,0.09187858784457388,0.0001093398529620828,0.00016791687812656164
667,0.00011274927641877361,0.09221309016041991,0.00012197058553423067,0.00012103734479751438
668,0.00013325035629825014,0.0920083358574106,0.00014245118953590212,0.00022587519197259098
669,0.00015175257836461234,0.09116508854969238,0.0001608690871419169,0.00013181679241824895
670,8.389260403685179e-05,0.09125096043869177,9.301770015615702e-05,9.9025564850308e-05
671,7.612383230478906e-05,0.09164600016496978,8.528843210980966e-05,0.0001227903994731605
672,8.618835956314024e-05,0.09120122902623098,9.530848190157865e-05,0.0001344941701972857
673,0.00011658015047846358,0.09127066293277605,0.00012570721641993226,0.00011122291471110657
674,8.477515177598024e-05,0.09124482463473148,9.389963403699979e-05,0.0001027857288136147
675,6.762186364765541e-05,0.0914000750194284,7.676187088122398e-05,0.00014449602167587727
676,0.00017866059227694553,0.0908914482510535,0.00018774973658370708,0.000124909303849563
677,0.00012122074383249066,0.09081287141909633,0.00013030203069844162,0.00010486384417163208
678,6.883918847490476e-05,0.09101997143763947,7.794118530291305e-05,0.00011259862367296591
679,6.420494947327803e-05,0.09124226444652896,7.332917594842615e-05,0.00011830384755739942
680,9.181887268555829e-05,0.09035357524949295,0.00010085423009124266,0.0001701457949820906
681,0.00014588416767234732,0.09067846978841468,0.0001549520148436598,0.00012010324280709028
682,9.542851409838205e-05,0.0905908115278219,0.00010448759487907869,0.0001428271789336577
683,0.0001231914836522516,0.09064536339038556,0.0001322560196901121,0.00012083890760550275
684,0.0001004498056104354,0.0898909678161445,0.00010943890203837884,0.00015938207798171788
685,7.451946270896694e-05,0.09012902528348292,8.353236505109065e-05,0.00011809301213361323
686,7.997772491414393e-05,0.09054235211450806,8.903196001614282e-05,0.00012090455857105553
687,0.00012156133896832877,0.0901479769075434,0.000130576136267432,0.0001569927844684571
688,8.004515174362577e-05,0.08966791818685657,8.901194347008521e-05,0.00010490131535334513
689,7.300893347678654e-05,0.09005102978476844,8.201403605689902e-05,0.00011113369691884145
690,7.915419330113257e-05,0.08955520497802288,8.810971351164204e-05,0.00013947546540293843
691,0.00010856614570160642,0.08947228439887525,0.00011751337382871015,0.00029651119257323444
692,0.0001455611520946448,0.08993250784389185,0.00015455440264182282,0.00011398729111533612
693,9.907243868922739e-05,0.08934438409652527,0.00010800687691049254,0.00011349147098371759
694,7.554256465051306e-05,0.08966932583685239,8.450949711252406e-05,0.00011122091382276267
695,8.391381155749535e-05,0.08952105768760206,9.286591709945276e-05,0.00012415526725817472
696,7.289726470401378e-05,0.08910741762785329,8.18080059509357e-05,0.00012651851284317672
697,0.00014402845201874764,0.08920860777420907,0.00015294931335156213,0.00025912231649272144
698,0.00014082253724483464,0.08864828102529711,0.00014968736484550116,0.00010467519314261153
699,7.29880011632266e-05,0.0889886520283013,8.188686624546907e-05,0.00013473656144924462
700,9.381137443167195e-05,0.08873402289262813,0.00010268477632701265,0.00010708872287068516
701,0.00014652062841918033,0.08820856257464162,0.0001553414842092355,0.00014450884191319346
702,8.836038581533339e-05,0.0887087628805914,9.723126178905254e-05,0.00011766557872761041
703,7.049328956964936e-05,0.08819898070432584,7.931318755317283e-05,0.00013057175965514034
704,0.00013132268387949287,0.0884919630344412,0.00014017187947159264,0.00023983758001122624
705,0.00010559000332654063,0.08849476044510014,0.00011443947905874986,0.0001255211391253397
706,7.117462789468439e-05,0.0884123994099384,8.001586782183794e-05,0.00010333156387787312
707,6.278912801862089e-05,0.0887747982410201,7.166660764603759e-05,0.00011113107757410035
708,0.0001242388603927128,0.08795559531582593,0.0001330344198590218,0.00012742617400363088
709,8.604359197266791e-05,0.08759205258018915,9.480279714380571e-05,0.00011708198871929199
710,0.0001312732175828966,0.08787623481192333,0.00014006084067868933,0.00013453549763653427
711,0.00010497593957014283,0.08789084494565017,0.00011376502366448019,0.00010937608749372885
712,7.441165234565107e-05,0.08802485873919322,8.321413831345034e-05,0.0001065552860382013
713,0.00011068064291691539,0.08763194784290494,0.00011944383762668308,0.00012212662841193378
714,0.00012285918967260798,0.087121774522676,0.00013157136724743987,0.00012606047675944865
715,8.855193562751145e-05,0.08729482317169307,9.728141771791564e-05,0.00012116820289520547
716,7.752477071528402e-05,0.0874812811372499,8.627289867959682e-05,0.00010267341713188216
717,7.84487150875921e-05,0.0874353423777791,8.719224906140021e-05,0.00010868797107832506
718,7.851515833394626e-05,0.08754112816819269,8.726927096975214e-05,0.00014438670768868178
719,9.519439377113858e-05,0.08734722732781883,0.00010392911606066504,0.00012814938963856548
720,0.00011655705271075658,0.08658126456982913,0.0001252151786588888,0.0001057500412571244
721,9.44060645283291e-05,0.08619911183117618,0.000103025975658048,0.00016236530791502446
722,8.6796194324237e-05,0.08677540153535657,9.547373412555699e-05,0.0001002345306915231
723,7.360871195506283e-05,0.08711675156245438,8.232038677946123e-05,0.00011107675527455285
724,0.00010994599632050477,0.08710446243846694,0.00011865644219810026,0.00015185728261712939
725,7.93613009833788e-05,0.0868467900890154,8.804597966327153e-05,0.00010881807975238189
726,0.00014882647056921032,0.08611426273340174,0.00015743789721976245,0.00018267791892867535
727,8.205608073411712e-05,0.08634456617518221,9.069053713029287e-05,0.00010054990707430989
728,9.55251407868057e-05,0.0866720286107328,0.00010419234369484863,0.0002135849354090169
729,9.424259803606424e-05,0.08621610026029958,0.00010286420762368457,0.00010910097626037896
730,7.127331443146594e-05,0.0863677738221695,7.991009170737393e-05,0.00011140244168927893
731,7.906628891475138e-05,0.08601749275779629,8.766803806438558e-05,0.0001238093536812812
732,0.0002763146281989026,0.08617083353820651,0.00028493171112727484,0.00036638000165112317
733,0.00011607905992167682,0.08602561310664436,0.00012468162137178863,0.00010689895862014964
734,6.289196665962998e-05,0.08643099799334221,7.153506613123056e-05,9.597980533726513e-05
735,6.720418005193303e-05,0.08606680251130182,7.581085998327194e-05,0.00010799515439430252
736,5.945363698499493e-05,0.08617743284093624,6.807138014354063e-05,9.740403766045347e-05
737,9.77998123223227e-05,0.08555681749886629,0.00010635549400314711,0.00021961772290524095
738,9.620085747914993e-05,0.08554892156252827,0.00010475574905890595,0.00010127873247256503
739,7.411081598017658e-05,0.08541793014423398,8.265260873661038e-05,0.00019487403915263712
740,0.00011970249194074817,0.08520581929390172,0.0001282230734794709,0.00010572324390523136
741,6.635935307589879e-05,0.0856049302503632,7.491984572339104e-05,0.00010400753672001883
742,8.570377063029657e-05,0.08578131216361472,9.428190151538453e-05,0.00011891248868778348
743,8.786833829701785e-05,0.08566586131897992,9.6434924321688e-05,0.00015660458302590996
744,7.493657033982584e-05,0.08573913472439759,8.351048391001528e-05,0.00010744116298155859
745,7.903203453654123e-05,0.08543582566793703,8.757561675564684e-05,0.0001253792579518631
746,9.638386877292653e-05,0.08528777885160341,0.00010491264595823525,0.00012226794206071645
747,0.00011628209640417393,0.08441696318132966,0.00012472379246717704,0.00013334676623344421
748,0.0001014241346182874,0.08469866659915531,0.00010989400110356453,0.00011169275967404246
749,6.520151353341797e-05,0.084547957213026,7.365630900572589e-05,0.00012038574641337618
750,0.00010927364927954787,0.08489193555709693,0.00011776284223327725,0.000135392154334113
751,8.57183791257208e-05,0.08478165537900809,9.419654428144338e-05,0.00010578653746051714
752,6.740496237218962e-05,0.08458176848914861,7.586313886555615e-05,0.00010290477803209797
753,0.00011423269555153087,0.08460065114780825,0.0001226927603267915,0.0003238093922846019
754,0.00010835947201045241,0.08442745644726257,0.0001168022170757093,0.000178474496351555
755,9.869820620043731e-05,0.08445621276437093,0.000107143826997502,0.00012660348147619516
756,6.371003489192588e-05,0.0844275105077732,7.215278557830421e-05,0.00010705373279051855
757,0.00011266960574414555,0.08342274080792782,0.00012101187959631039,0.00019240501569584012
758,9.645532307216914e-05,0.08382051308226032,0.00010483737439724197,0.00010077681508846581
759,8.371855055519326e-05,0.08406416001630239,9.212496627645387e-05,9.584975487086922e-05
760,0.00010888813748244077,0.0837623696067379,0.00011726437433689501,0.00011915769573533908
761,6.403202030474816e-05,0.0839356181220378,7.242558164232247e-05,9.937729191733524e-05
762,7.252063282466363e-05,0.08347750458509241,8.08683832829882e-05,0.0001636756060179323
763,9.478804978998293e-05,0.08372116151864065,0.00010316016582541772,0.0001008269828162156
764,8.619456753563738e-05,0.08371224462907803,9.45657916347906e-05,0.00010483651567483321
765,7.786059395759484e-05,0.08411795521997419,8.627238939451636e-05,0.00012628588592633605
766,0.00012495871018580753,0.08332721152904657,0.00013329143092899906,0.00018920375441666692
767,0.00010128938490775104,0.08283359333731452,0.0001095727439922789,0.00011432396422605962
768,0.0001283719297061173,0.08261418158706094,0.0001366333476945043,9.962263720808551e-05
769,6.60040315682201e-05,0.08326212239391749,7.43302434963488e-05,0.00010682852007448673
770,0.00012572335422643546,0.08341207880918482,0.00013406456186138677,0.00012814265210181475
771,8.859304573791484e-05,0.0830797233105187,9.69010181633984e-05,0.00010759237920865417
772,5.990572323281164e-05,0.08281785595723767,6.818750852902911e-05,0.00011659423034870997
773,0.00010581703029592229,0.08314609816775673,0.00011413164023390063,0.00012578796304296702
774,6.841011394237476e-05,0.083254273035572,7.67355410911483e-05,0.00017135933740064502
775,9.447245738875754e-05,0.08265459136488941,0.00010273791636353477,0.00010846240911632776
776,7.899497042038393e-05,0.08220534525316972,8.7215504815154e-05,0.0001127126524806954
777,7.734126532610082e-05,0.08261805000218565,8.560307019602322e-05,0.00012344575952738523
778,8.395047126726486e-05,0.0826063218939557,9.221110315796075e-05,0.00011871643073391169
779,0.00013747595669919019,0.08186943344307235,0.00014566289953983554,0.00014056311920285225
780,7.044170050855725e-05,0.08205906612655349,7.864760676231827e-05,0.00013374518312048167
781,7.455476391906629e-05,0.08192187612773671,8.274695123683268e-05,0.00015214279119390994
782,9.925581576640616e-05,0.08188343090769261,0.00010744415894974804,0.0001234689843840897
783,8.7417574253546e-05,0.08231684620998703,9.564925902337494e-05,0.00014342967187985778
784,0.00012006493668587865,0.0823847413455201,0.00012830341061131746,0.00017214690160471946
785,7.629658156559745e-05,0.08202416081553632,8.449899724942626e-05,0.00012511416571214795
786,7.09180994744377e-05,0.08242540188129206,7.916063931171512e-05,0.00012247405538801104
787,7.910573022990082e-05,0.08170193202356037,8.727592328520103e-05,0.00011957218521274626
788,8.869071019598208e-05,0.0821245479043028,9.690316457324403e-05,0.000257585576036945
789,0.00011928156494866872,0.08153741319039996,0.00012743530613647475,0.00011176159023307264
790,8.096739831990229e-05,0.08208419279632366,8.91758175695425e-05,0.00015901400183793157
791,8.33687540729329e-05,0.08164236675141197,9.153299032666792e-05,9.623796358937398e-05
792,7.286204423205166e-05,0.08163624862368725,8.102566914429219e-05,0.00012470940419007093
793,7.342175041397284e-05,0.08150144056745784,8.157189446010986e-05,9.62905542110093e-05
794,8.794660469449917e-05,0.08135364199424487,9.608196868189055e-05,0.00011792151053668931
795,7.893651622800037e-05,0.08118668494870517,8.705518444716708e-05,0.00012366840383037925
796,7.498740984039878e-05,0.08043243810802127,8.303065336869482e-05,0.00010730514622991905
797,0.00010085925945857545,0.08111557446514922,0.00010897081639330109,0.00013469226541928947
798,0.00012154234980428489,0.08102035989963444,0.0001296443856071881,0.00010783694597193971
799,7.956087447615485e-05,0.08080112603237602,8.764098684991148e-05,0.0001279551797779277
800,8.889810597220028e-05,0.08103254227645462,9.700136009404505e-05,0.0001144376874435693
